FMISID;LPNN;OBSDATE_UTC;OBSTIME_UTC;DATA_TIME;TS (degC);TS #2/1 -.05m (degC);TS #3/1 -.1m (degC);TS #4/1 -.2m (degC);TS #5/1 -.3m (degC);TS #6/1 -.5m (degC);TS #10/1 -2m (degC);TS #7/1 -.7m (degC);TS #8/1 -1m (degC);TS #9/1 -1.5m (degC);OZONE #37 (DU);OZONE #214 (DU);TA (degC);TG #14/1 (degC);TD (degC);RH (%);PA #2/1 (hPa);PA0_14;PRI avg 10M #4/1 (mm/h);PRA max 10M #4/1 (mm);PRIO avg 10M #7/1 (mm/h);VIS #7/1 (m);WAWA #7/1;WAWA_TXT #7/1_14;SND #5/1 (cm);WS #3/1 22.9m (m/s);WSD avg 10M #3/1 22.9m (m/s);WSP avg 10M #3/1 10m (m/s);WD #3/1 22.9m (deg);WDD avg 10M #3/1 22.9m (deg);WG #3/1 22.9m (m/s);WGD max 10M #3/1 22.9m (m/s);CLHB #6/1 (m);CLHB1_1_14;CLHB2_1_14;CLHB3_1_14;CLHB4_1_14;CLHB5_1_14;CLA acc #6/1 (1/8);CLA1_1_14;CLA2_1_14;CLA3_1_14;CLA4_1_14;CLA5_1_14;CLCBST instant 10M;CBST instant 10M;TCUST instant 10M;GSST instant 10M;GRST instant 10M
101932;7501;30.04.2026;00:00;2026-04-30 00:00:00;;;;;;;;;;;;;.5;0;0;96;1015.5;993;0;0;0;15982;81;HeikVesiKuur;38;1.4;1.4;1.6;205;205;2.1;2.1;300;300;;;;;8;8;0;0;0;0;0;2;0;2;0
101932;7501;30.04.2026;00:10;2026-04-30 00:10:00;;;;;;;;;;;;;.5;0;0;96;1015.6;993;.5;.1;0;17523;81;HeikVesiKuur;38;1.3;1.3;1.5;205;205;2.3;2.3;280;280;;;;;8;8;0;0;0;0;0;0;0;0;0
101932;7501;30.04.2026;00:20;2026-04-30 00:20:00;;;;;;;;;;;;;.5;0;-.1;96;1015.6;993.1;0;0;0;18247;24;OliLumis;38;1.5;1.5;1.7;222;222;2.6;2.6;270;270;;;;;8;8;0;0;0;0;0;0;0;0;0
101932;7501;30.04.2026;00:30;2026-04-30 00:30:00;;;;;;;;;;;;;.5;0;-.2;95;1015.5;993;0;0;0;17750;81;HeikVesiKuur;38;2.2;2.2;2.6;235;235;4;4;270;270;;;;;8;8;0;0;0;0;0;0;0;0;0
101932;7501;30.04.2026;00:40;2026-04-30 00:40:00;;;;;;;;;;;;;.5;0;-.4;94;1015.6;993;0;0;0;19528;81;HeikVesiKuur;38;2.2;2.2;2.6;237;237;3.7;3.7;300;300;;;;;8;8;0;0;0;0;0;0;0;0;0
101932;7501;30.04.2026;00:50;2026-04-30 00:50:00;;;;;;;;;;;;;.5;0;-.5;93;1015.5;992.9;0;0;0;20000;81;HeikVesiKuur;38;2.1;2.1;2.5;242;242;3.7;3.7;310;310;;;;;8;8;0;0;0;0;0;0;0;0;0
101932;7501;30.04.2026;01:00;2026-04-30 01:00:00;;;;;;;;;;;;;.5;0;-.5;93;1015.6;993;0;0;0;20000;81;HeikVesiKuur;38;1.4;1.4;1.6;235;235;3;3;310;310;;;;;8;8;0;0;0;0;0;0;0;0;0
101932;7501;30.04.2026;01:10;2026-04-30 01:10:00;;;;;;;;;;;;;.5;0;-.6;93;1015.6;993;0;0;0;19561;81;HeikVesiKuur;38;1.6;1.6;1.9;238;238;3.4;3.4;310;310;;;;;8;8;0;0;0;0;0;0;0;0;0
101932;7501;30.04.2026;01:20;2026-04-30 01:20:00;;;;;;;;;;;;;.5;0;-.6;93;1015.6;993.1;0;0;0;18222;23;OliVesis;38;1.5;1.5;1.8;239;239;2.7;2.7;310;310;;;;;8;8;0;0;0;0;0;2;0;2;0
101932;7501;30.04.2026;01:30;2026-04-30 01:30:00;;;;;;;;;;;;;.4;0;-.7;92;1015.5;993;0;0;0;17023;23;OliVesis;38;1.1;1.1;1.3;240;240;2.3;2.3;300;300;;;;;8;8;0;0;0;0;0;0;0;0;0
101932;7501;30.04.2026;01:40;2026-04-30 01:40:00;;;;;;;;;;;;;.5;0;-.6;92;1015.4;992.9;0;0;0;20000;23;OliVesis;38;.8;.8;.9;232;232;1.6;1.6;280;280;;;;;8;8;0;0;0;0;0;0;0;0;0
101932;7501;30.04.2026;01:50;2026-04-30 01:50:00;;;;;;;;;;;;;.5;0;-.6;93;1015.4;992.8;0;0;0;19979;23;OliVesis;38;1.1;1.1;1.3;230;230;1.9;1.9;260;260;;;;;8;8;0;0;0;0;0;0;0;0;0
101932;7501;30.04.2026;02:00;2026-04-30 02:00:00;;;;;;;;;;;;;.4;0;-.6;93;1015;992.4;0;0;0;20000;0;EiMerkS‰‰;38;1.4;1.4;1.6;213;213;2.2;2.2;250;250;;;;;8;8;0;0;0;0;0;0;0;0;0
101932;7501;30.04.2026;02:10;2026-04-30 02:10:00;;;;;;;;;;;;;.4;0;-.5;94;1015.2;992.6;0;0;0;20000;0;EiMerkS‰‰;38;1.5;1.5;1.8;227;227;2.7;2.7;230;230;;;;;8;8;0;0;0;0;0;0;0;0;0
101932;7501;30.04.2026;02:20;2026-04-30 02:20:00;;;;;;;;;;;;;.5;0;-.7;92;1015.2;992.6;0;0;0;20000;0;EiMerkS‰‰;38;1.5;1.5;1.8;234;234;2.7;2.7;230;230;;;;;8;8;0;0;0;0;0;0;0;0;0
101932;7501;30.04.2026;02:30;2026-04-30 02:30:00;;;;;;;;;;;;;.5;0;-.6;93;1015.4;992.8;0;0;0;20000;0;EiMerkS‰‰;38;1.8;1.8;2.1;231;231;3.3;3.3;220;220;;;;;8;8;0;0;0;0;0;0;0;0;0
101932;7501;30.04.2026;02:40;2026-04-30 02:40:00;;;;;;;;;;;;;.5;0;-.6;92;1015.5;992.9;0;0;0;20000;0;EiMerkS‰‰;38;1.9;1.9;2.1;249;249;3.6;3.6;210;210;;;;;8;8;0;0;0;0;0;0;0;0;0
101932;7501;30.04.2026;02:50;2026-04-30 02:50:00;;;;;;;;;;;;;.6;0;-.5;93;1015.5;993;0;0;0;20000;0;EiMerkS‰‰;38;1.9;1.9;2.1;253;253;3.5;3.5;210;210;;;;;8;8;0;0;0;0;0;0;0;0;0
101932;7501;30.04.2026;03:00;2026-04-30 03:00:00;;;;;;;;;;;;;.7;0;-.5;92;1015.3;992.8;0;0;0;20000;0;EiMerkS‰‰;38;1.2;1.2;1.4;260;260;2.3;2.3;210;210;;;;;8;8;0;0;0;0;0;2;0;2;0
101932;7501;30.04.2026;03:10;2026-04-30 03:10:00;;;;;;;;;;;;;.8;.1;-.4;92;1015.1;992.5;0;0;0;20000;0;EiMerkS‰‰;38;.3;.3;.3;193;193;.7;.7;200;200;;;;;8;8;0;0;0;0;0;0;0;0;0
101932;7501;30.04.2026;03:20;2026-04-30 03:20:00;;;;;;;;;;;;;.9;.1;-.3;92;1015.2;992.7;0;0;0;20000;0;EiMerkS‰‰;38;1.1;1.1;1.3;239;239;2;2;200;200;;;;;8;8;0;0;0;0;0;0;0;0;0
101932;7501;30.04.2026;03:30;2026-04-30 03:30:00;;;;;;;;;;;;;.8;.2;-.3;92;1015.3;992.8;0;0;0;20000;0;EiMerkS‰‰;38;1.3;1.3;1.5;245;245;2.3;2.3;190;190;;;;;8;8;0;0;0;0;0;0;0;0;0
101932;7501;30.04.2026;03:40;2026-04-30 03:40:00;;;;;;;;;;;;;1;.2;-.2;92;1015.3;992.8;0;0;0;20000;0;EiMerkS‰‰;38;1.2;1.2;1.4;248;248;2.7;2.7;180;180;;;;;8;8;0;0;0;0;0;0;0;0;0
101932;7501;30.04.2026;03:50;2026-04-30 03:50:00;;;;;;;;;;;;;1;.2;-.3;91;1015.3;992.7;0;0;0;20000;0;EiMerkS‰‰;37;2;2;2.3;246;246;3;3;180;180;;;;;8;8;0;0;0;0;0;0;0;0;0
101932;7501;30.04.2026;04:00;2026-04-30 04:00:00;;;;;;;;;;;;;1;.2;-.3;91;1015.3;992.7;0;0;0;20000;0;EiMerkS‰‰;37;.9;.9;1.1;260;260;1.9;1.9;180;180;;;;;8;8;0;0;0;0;0;0;0;0;0
101932;7501;30.04.2026;04:10;2026-04-30 04:10:00;;;;;;;;;;;;;1.2;.3;0;92;1015.4;992.9;0;0;0;20000;0;EiMerkS‰‰;37;1.7;1.7;2;270;270;3.4;3.4;180;180;;;;;8;8;0;0;0;0;0;0;0;0;0
101932;7501;30.04.2026;04:20;2026-04-30 04:20:00;;;;;;;;;;;;;1.3;.4;.1;92;1015.4;992.9;0;0;0;20000;0;EiMerkS‰‰;37;1.7;1.7;2;282;282;3.8;3.8;170;170;;;;;8;8;0;0;0;0;0;0;0;0;0
101932;7501;30.04.2026;04:30;2026-04-30 04:30:00;;;;;;;;;;;;;1.2;.4;.1;92;1015.3;992.7;0;0;0;20000;0;EiMerkS‰‰;37;1.8;1.8;2.1;283;283;3.3;3.3;160;160;;;;;8;8;0;0;0;0;0;0;0;0;0
101932;7501;30.04.2026;04:40;2026-04-30 04:40:00;;;;;;;;;;;;;1.2;.4;.1;92;1015.2;992.7;0;0;0;20000;0;EiMerkS‰‰;37;1.6;1.6;1.9;278;278;2.7;2.7;150;150;;;;;8;8;0;0;0;0;0;0;0;0;0
101932;7501;30.04.2026;04:50;2026-04-30 04:50:00;;;;;;;;;;;;;1.3;.6;.1;92;1015.1;992.6;0;0;0;20000;0;EiMerkS‰‰;37;.8;.8;1;300;300;2;2;150;150;;;;;8;8;0;0;0;0;0;0;0;0;0
101932;7501;30.04.2026;05:00;2026-04-30 05:00:00;;;;;;;;;;;;;1.4;.6;.2;92;1015.4;992.9;0;0;0;20000;0;EiMerkS‰‰;37;1.2;1.2;1.4;261;261;2.4;2.4;150;150;;;;;8;8;0;0;0;0;0;0;0;0;0
101932;7501;30.04.2026;05:10;2026-04-30 05:10:00;;;;;;;;;;;;;1.4;.5;.2;92;1015.4;993;0;0;0;20000;0;EiMerkS‰‰;37;2.2;2.2;2.7;258;258;3.7;3.7;160;160;;;;;8;8;0;0;0;0;0;2;0;2;0
101932;7501;30.04.2026;05:20;2026-04-30 05:20:00;;;;;;;;;;;;436.5;2;1.2;.4;89;1015.5;993;0;0;0;20000;0;EiMerkS‰‰;37;1.7;1.7;2;260;260;3.5;3.5;160;160;;;;;8;8;0;0;0;0;0;2;0;2;0
101932;7501;30.04.2026;05:30;2026-04-30 05:30:00;;;;;;;;;;;;;2.4;1.1;.5;88;1015.5;993;0;0;0;20000;0;EiMerkS‰‰;37;1.3;1.3;1.6;264;264;2.9;2.9;170;170;;;;;8;8;0;0;0;0;0;2;0;2;0
101932;7501;30.04.2026;05:40;2026-04-30 05:40:00;;;;;;;;;;;;;2.9;1.8;.5;84;1015.4;993;0;0;0;20000;0;EiMerkS‰‰;37;1.1;1.1;1.4;287;287;2.8;2.8;170;170;;;;;8;8;0;0;0;0;0;2;0;2;0
101932;7501;30.04.2026;05:50;2026-04-30 05:50:00;;;;;;;;;;;;;3.1;1.6;.6;84;1015.5;993.1;0;0;0;20000;0;EiMerkS‰‰;37;1.4;1.4;1.7;282;282;2.7;2.7;200;200;1600;;;;8;7;8;0;0;0;0;0;0;0;0
101932;7501;30.04.2026;06:00;2026-04-30 06:00:00;;;;;;;;;;;;;3.6;2;.8;82;1015.7;993.3;0;0;0;20000;0;EiMerkS‰‰;37;1.7;1.7;2.1;292;292;3.4;3.4;220;220;770;;;;8;7;8;0;0;0;0;0;0;0;0
101932;7501;30.04.2026;06:10;2026-04-30 06:10:00;;;;;;;;;;;;;3.9;2.3;.7;80;1015.6;993.3;0;0;0;20000;0;EiMerkS‰‰;37;1.8;1.8;2.3;301;301;3.7;3.7;240;240;750;1630;;;8;4;5;8;0;0;0;0;0;0;0
101932;7501;30.04.2026;06:20;2026-04-30 06:20:00;;;;;;;;;;;;;3.8;1.9;.7;80;1015.6;993.3;0;0;0;20000;0;EiMerkS‰‰;37;2.1;2.1;2.7;301;301;3.7;3.7;270;270;640;750;1620;;8;2;4;5;8;0;0;0;0;0;0
101932;7501;30.04.2026;06:30;2026-04-30 06:30:00;;;;;;;;;;;;;3.8;2;.7;80;1015.6;993.3;0;0;0;20000;0;EiMerkS‰‰;37;1.8;1.8;2.3;297;297;3.3;3.3;320;320;580;750;1620;;8;1;5;6;8;0;0;0;0;0;0
101932;7501;30.04.2026;06:40;2026-04-30 06:40:00;;;;;;;;;;;;;4.2;2.5;.9;79;1015.6;993.3;0;0;0;20000;0;EiMerkS‰‰;36;1.6;1.6;2;292;292;3.2;3.2;590;590;1620;;;;7;7;7;0;0;0;0;0;0;0;0
101932;7501;30.04.2026;06:50;2026-04-30 06:50:00;;;;;;;;;;;;;4.6;2.6;1.1;78;1015.5;993.2;0;0;0;20000;0;EiMerkS‰‰;36;1.4;1.4;1.8;293;293;3;3;600;600;1450;2580;;;7;7;7;7;0;0;0;0;0;0;0
101932;7501;30.04.2026;07:00;2026-04-30 07:00:00;;;;;;;;;;;;;4.8;3.7;.9;76;1015.6;993.3;0;0;0;20000;0;EiMerkS‰‰;36;1.6;1.6;2;298;298;3.2;3.2;700;700;1410;;;;7;5;7;0;0;0;0;2;0;2;0
101932;7501;30.04.2026;07:10;2026-04-30 07:10:00;;;;;;;;;;;;407.8;5.1;4.7;1.1;75;1015.6;993.4;0;0;0;20000;0;EiMerkS‰‰;36;1.9;1.9;2.3;317;317;3.6;3.6;700;700;1410;;;;7;3;7;0;0;0;0;2;0;2;0
101932;7501;30.04.2026;07:20;2026-04-30 07:20:00;;;;;;;;;;;400.1;;5.5;5.2;1;73;1015.7;993.5;0;0;0;20000;0;EiMerkS‰‰;36;1.8;1.8;2.3;294;294;3.6;3.6;700;700;1420;;;;7;3;7;0;0;0;0;0;0;0;0
101932;7501;30.04.2026;07:30;2026-04-30 07:30:00;;;;;;;;;;;;;5.2;4.7;.8;73;1015.8;993.6;0;0;0;20000;0;EiMerkS‰‰;36;2.3;2.3;2.7;276;276;4.1;4.1;460;460;710;1330;;;8;1;3;8;0;0;0;0;0;0;0
101932;7501;30.04.2026;07:40;2026-04-30 07:40:00;;;;;;;;;;;;;5.1;3;.9;74;1016;993.8;0;0;0;20000;0;EiMerkS‰‰;36;2.2;2.2;2.8;290;290;4.6;4.6;460;460;710;1240;;;8;1;2;8;0;0;0;2;0;2;0
101932;7501;30.04.2026;07:50;2026-04-30 07:50:00;;;;;;;;;;;;;5.1;3.1;1;75;1016;993.8;0;0;0;20000;0;EiMerkS‰‰;36;2.1;2.1;2.5;276;276;3.6;3.6;460;460;1140;;;;8;1;8;0;0;0;0;0;0;0;0
101932;7501;30.04.2026;08:00;2026-04-30 08:00:00;;;;;;;;;;;;;5.2;3.7;1;74;1016;993.8;0;0;0;20000;0;EiMerkS‰‰;35;2.3;2.3;2.7;268;268;4.4;4.4;1030;1030;;;;;8;8;0;0;0;0;0;0;0;0;0
101932;7501;30.04.2026;08:10;2026-04-30 08:10:00;;;;;;;;;;;;;5.4;3.8;1.1;74;1016.1;993.9;0;0;0;20000;0;EiMerkS‰‰;35;2.5;2.5;3;259;259;4.1;4.1;990;990;1380;;;;8;7;8;0;0;0;0;0;0;0;0
101932;7501;30.04.2026;08:20;2026-04-30 08:20:00;;;;;;;;;;;;;5.3;3.6;1.1;74;1016.1;993.9;0;0;0;20000;0;EiMerkS‰‰;36;2.2;2.2;2.6;267;267;4.3;4.3;900;900;1380;;;;8;7;8;0;0;0;0;2;0;2;0
101932;7501;30.04.2026;08:30;2026-04-30 08:30:00;;;;;;;;;;;;;5.2;3.2;1;75;1016.2;994;0;0;0;20000;0;EiMerkS‰‰;36;2;2;2.4;270;270;4.1;4.1;880;880;1380;;;;8;7;8;0;0;0;0;0;0;0;0
101932;7501;30.04.2026;08:40;2026-04-30 08:40:00;;;;;;;;;;;;;5.3;3.4;1.2;75;1016.3;994.1;0;0;0;20000;0;EiMerkS‰‰;36;2.2;2.2;2.6;265;265;4.1;4.1;870;870;;;;;8;8;0;0;0;0;0;0;0;0;0
101932;7501;30.04.2026;08:50;2026-04-30 08:50:00;;;;;;;;;;;;;5.4;4.3;1.2;74;1016.3;994.1;0;0;0;20000;0;EiMerkS‰‰;36;2.3;2.3;2.7;283;283;4;4;840;840;;;;;8;8;0;0;0;0;0;2;0;2;0
101932;7501;30.04.2026;09:00;2026-04-30 09:00:00;;;;;;;;;;;;;5.9;5;1.3;73;1016.2;994;0;0;0;20000;0;EiMerkS‰‰;36;2.1;2.1;2.5;267;267;3.4;3.4;800;800;;;;;8;8;0;0;0;0;0;0;0;0;0
101932;7501;30.04.2026;09:10;2026-04-30 09:10:00;;;;;;;;;;;;;6.2;6.8;1.3;71;1016.1;993.9;0;0;0;20000;0;EiMerkS‰‰;35;2.4;2.4;2.9;258;258;4.9;4.9;780;780;;;;;8;8;0;0;0;0;0;0;0;0;0
101932;7501;30.04.2026;09:20;2026-04-30 09:20:00;;;;;;;;;;;;;6.2;5.5;1.3;71;1016.2;994.1;0;0;0;20000;0;EiMerkS‰‰;35;1.7;1.7;2;240;240;3.1;3.1;770;770;;;;;8;8;0;0;0;0;0;0;0;0;0
101932;7501;30.04.2026;09:30;2026-04-30 09:30:00;;;;;;;;;;;;;6.7;5.8;1.5;69;1016.1;994;0;0;0;20000;0;EiMerkS‰‰;35;1.4;1.4;1.6;244;244;2.5;2.5;760;760;1700;;;;8;7;8;0;0;0;0;0;0;0;0
101932;7501;30.04.2026;09:40;2026-04-30 09:40:00;;;;;;;;;;;;;6.6;6;1.6;70;1016.1;994;0;0;0;20000;0;EiMerkS‰‰;35;1.9;1.9;2.2;268;268;3.2;3.2;760;760;1700;;;;8;7;8;0;0;0;0;2;0;2;0
101932;7501;30.04.2026;09:50;2026-04-30 09:50:00;;;;;;;;;;;;;6.7;5.6;1.6;70;1016.1;994;0;0;0;20000;0;EiMerkS‰‰;35;2;2;2.4;271;271;3.6;3.6;770;770;1700;;;;8;7;8;0;0;0;0;0;0;0;0
101932;7501;30.04.2026;10:00;2026-04-30 10:00:00;;;;;;;;;;;;;7;6.2;1.8;69;1016.1;994;0;0;0;20000;0;EiMerkS‰‰;35;2.1;2.1;2.5;279;279;4.1;4.1;790;790;;;;;8;8;0;0;0;0;0;2;0;2;0
101932;7501;30.04.2026;10:10;2026-04-30 10:10:00;;;;;;;;;;;;;7.4;7.2;1.8;68;1016.1;994.1;0;0;0;19895;0;EiMerkS‰‰;35;1.7;1.7;2;258;258;3.1;3.1;990;990;;;;;8;8;0;0;0;0;0;0;0;0;0
101932;7501;30.04.2026;10:20;2026-04-30 10:20:00;;;;;;;;;;;;;7.3;7.4;1.8;68;1016.2;994.1;0;0;0;20000;0;EiMerkS‰‰;35;1.6;1.6;2;289;289;3.3;3.3;1090;1090;;;;;8;8;0;0;0;0;0;0;0;0;0
101932;7501;30.04.2026;10:30;2026-04-30 10:30:00;;;;;;;;;;;;;7.2;6.4;1.8;69;1016.2;994.1;0;0;0;20000;0;EiMerkS‰‰;35;2.1;2.1;2.5;255;255;3.3;3.3;1130;1130;;;;;8;8;0;0;0;0;0;0;0;0;0
101932;7501;30.04.2026;10:40;2026-04-30 10:40:00;;;;;;;;;;;;;7.3;5.7;1.9;69;1016.3;994.2;0;0;0;20000;0;EiMerkS‰‰;35;1.8;1.8;2.1;279;279;3;3;1090;1090;;;;;8;8;0;0;0;0;0;0;0;0;0
101932;7501;30.04.2026;10:50;2026-04-30 10:50:00;;;;;;;;;;;;;7.4;5.5;1.9;68;1016.2;994.2;0;0;0;20000;0;EiMerkS‰‰;35;1.8;1.8;2.1;272;272;3.2;3.2;1080;1080;;;;;8;8;0;0;0;0;0;0;0;0;0
101932;7501;30.04.2026;11:00;2026-04-30 11:00:00;;;;;;;;;;;;;7.4;5.8;1.8;68;1016.4;994.3;0;0;0;20000;0;EiMerkS‰‰;35;2.4;2.4;2.8;280;280;4.2;4.2;1080;1080;;;;;8;8;0;0;0;0;0;0;0;0;0
101932;7501;30.04.2026;11:10;2026-04-30 11:10:00;;;;;;;;;;;;425.5;7.6;5.8;1.9;67;1016.3;994.3;0;0;0;20000;0;EiMerkS‰‰;35;2.3;2.3;2.7;274;274;4.5;4.5;1090;1090;;;;;8;8;0;0;0;0;0;0;0;0;0
101932;7501;30.04.2026;11:20;2026-04-30 11:20:00;;;;;;;;;;;;;7.9;6.3;2;66;1016.4;994.4;0;0;0;20000;0;EiMerkS‰‰;34;1.6;1.6;1.9;283;283;3.3;3.3;1080;1080;;;;;8;8;0;0;0;0;0;0;0;0;0
101932;7501;30.04.2026;11:30;2026-04-30 11:30:00;;;;;;;;;;;;;7.7;6.6;1.7;65;1016.5;994.5;0;0;0;20000;0;EiMerkS‰‰;34;2;2;2.5;296;296;3.8;3.8;1080;1080;;;;;8;8;0;0;0;0;0;0;0;0;0
101932;7501;30.04.2026;11:40;2026-04-30 11:40:00;;;;;;;;;;;390.6;;7.9;6.3;1.6;64;1016.5;994.5;0;0;0;20000;0;EiMerkS‰‰;34;1.1;1.1;1.4;311;311;2.7;2.7;1080;1080;;;;;8;8;0;0;0;0;0;0;0;0;0
101932;7501;30.04.2026;11:50;2026-04-30 11:50:00;;;;;;;;;;;;;8.3;6.8;1.8;64;1016.6;994.7;0;0;0;20000;0;EiMerkS‰‰;34;1.4;1.4;1.8;285;285;2.4;2.4;1090;1090;;;;;8;8;0;0;0;0;0;0;0;0;0
101932;7501;30.04.2026;12:00;2026-04-30 12:00:00;;;;;;;;;;;;;8.6;8;1.8;62;1016.6;994.6;0;0;0;20000;0;EiMerkS‰‰;34;1.8;1.8;2.1;283;283;3.5;3.5;1130;1130;;;;;8;8;0;0;0;0;0;0;0;0;0
101932;7501;30.04.2026;12:10;2026-04-30 12:10:00;;;;;;;;;;;;;8.7;7.9;1.7;61;1016.6;994.6;0;0;0;20000;0;EiMerkS‰‰;34;2.2;2.2;2.6;279;279;3.8;3.8;1280;1280;;;;;8;8;0;0;0;0;0;0;0;0;0
101932;7501;30.04.2026;12:20;2026-04-30 12:20:00;;;;;;;;;;;;;8.9;7.9;1.8;61;1016.4;994.4;0;0;0;20000;0;EiMerkS‰‰;34;1.2;1.2;1.5;296;296;3.1;3.1;1210;1210;;;;;8;8;0;0;0;0;0;0;0;0;0
101932;7501;30.04.2026;12:30;2026-04-30 12:30:00;;;;;;;;;;;;;9.3;8.3;1.8;60;1016.3;994.4;0;0;0;20000;0;EiMerkS‰‰;34;1.5;1.5;1.8;270;270;2.9;2.9;1210;1210;;;;;8;8;0;0;0;0;0;0;0;0;0
101932;7501;30.04.2026;12:40;2026-04-30 12:40:00;;;;;;;;;;;;;9.6;9.4;1.8;58;1016.2;994.3;0;0;0;20000;0;EiMerkS‰‰;34;1.5;1.5;1.9;295;295;2.8;2.8;1240;1240;;;;;8;8;0;0;0;0;0;0;0;0;0
101932;7501;30.04.2026;12:50;2026-04-30 12:50:00;;;;;;;;;;;;;9.1;11.6;1.5;59;1016.1;994.3;0;0;0;20000;0;EiMerkS‰‰;34;1.3;1.3;1.6;330;330;2.4;2.4;1340;1340;;;;;8;8;0;0;0;0;0;0;0;0;0
101932;7501;30.04.2026;13:00;2026-04-30 13:00:00;;;;;;;;;;;;;9.3;9.3;1.4;58;1016.1;994.2;0;0;0;20000;0;EiMerkS‰‰;34;1;1;1.3;355;355;2.3;2.3;1360;1360;;;;;7;7;0;0;0;0;0;0;0;0;0
101932;7501;30.04.2026;13:10;2026-04-30 13:10:00;;;;;;;;;;;;;9.9;9.2;1.7;57;1016.1;994.2;0;0;0;20000;0;EiMerkS‰‰;34;1;1;1.2;273;273;2.3;2.3;1420;1420;;;;;7;7;0;0;0;0;0;0;0;0;0
101932;7501;30.04.2026;13:20;2026-04-30 13:20:00;;;;;;;;;;;;;10.1;10.7;1.7;56;1016.1;994.3;0;0;0;20000;0;EiMerkS‰‰;34;.6;.6;.7;331;331;1.8;1.8;1460;1460;3760;;;;7;5;7;0;0;0;0;0;0;0;0
101932;7501;30.04.2026;13:30;2026-04-30 13:30:00;;;;;;;;;;;;;10.3;9.1;1.7;56;1016;994.2;0;0;0;20000;0;EiMerkS‰‰;34;1.7;1.7;2.1;317;317;4.4;4.4;1460;1460;3770;;;;7;5;7;0;0;0;0;0;0;0;0
101932;7501;30.04.2026;13:40;2026-04-30 13:40:00;;;;;;;;;;;;;10.2;8.5;1.9;56;1016;994.2;0;0;0;20000;0;EiMerkS‰‰;34;2.2;2.2;2.6;280;280;4;4;1470;1470;3790;;;;7;5;7;0;0;0;0;0;0;0;0
101932;7501;30.04.2026;13:50;2026-04-30 13:50:00;;;;;;;;;;;;;10.2;9.1;1.7;55;1015.8;994;0;0;0;20000;0;EiMerkS‰‰;34;1.9;1.9;2.4;300;300;3.5;3.5;1490;1490;3730;;;;8;3;8;0;0;0;0;0;0;0;0
101932;7501;30.04.2026;14:00;2026-04-30 14:00:00;;;;;;;;;;;;;10.7;11.1;1.7;54;1015.8;994;0;0;0;20000;0;EiMerkS‰‰;34;1.6;1.6;2;313;313;2.7;2.7;1480;1480;3620;;;;7;1;7;0;0;0;0;0;0;0;0
101932;7501;30.04.2026;14:10;2026-04-30 14:10:00;;;;;;;;;;;;386.2;10.3;11.9;1.3;54;1015.7;993.9;0;0;0;20000;0;EiMerkS‰‰;34;1.8;1.8;2.2;322;322;3.1;3.1;1330;1330;3580;;;;6;1;6;0;0;0;0;2;0;2;0
101932;7501;30.04.2026;14:20;2026-04-30 14:20:00;;;;;;;;;;;;;10.5;9.7;1.5;54;1015.7;993.9;0;0;0;20000;0;EiMerkS‰‰;34;.8;.8;1;295;295;2.3;2.3;1280;1280;3580;;;;7;4;7;0;0;0;0;0;0;0;0
101932;7501;30.04.2026;14:30;2026-04-30 14:30:00;;;;;;;;;;;;;10.4;8.1;1.5;54;1015.7;994;0;0;0;20000;0;EiMerkS‰‰;34;1.3;1.3;1.5;265;265;3.2;3.2;1280;1280;3550;;;;7;6;7;0;0;0;0;0;0;0;0
101932;7501;30.04.2026;14:40;2026-04-30 14:40:00;;;;;;;;;;;377.5;;10.5;8.6;1.4;54;1015.8;994;0;0;0;20000;0;EiMerkS‰‰;34;1.6;1.6;2;306;306;2.8;2.8;1270;1270;;;;;7;7;0;0;0;0;0;2;0;2;0
101932;7501;30.04.2026;14:50;2026-04-30 14:50:00;;;;;;;;;;;;;10.4;8.5;1.7;55;1015.8;994;0;0;0;20000;0;EiMerkS‰‰;34;1.5;1.5;1.8;261;261;3.1;3.1;1270;1270;2780;;;;7;6;7;0;0;0;0;0;0;0;0
101932;7501;30.04.2026;15:00;2026-04-30 15:00:00;;;;;;;;;;;;;10.4;8.3;1.7;55;1015.8;994;0;0;0;20000;0;EiMerkS‰‰;34;1.4;1.4;1.7;278;278;2.5;2.5;1260;1260;2380;;;;7;3;7;0;0;0;0;2;0;2;0
101932;7501;30.04.2026;15:10;2026-04-30 15:10:00;;;;;;;;;;;;;10.4;8.4;1.7;55;1015.7;993.9;0;0;0;20000;0;EiMerkS‰‰;34;1.2;1.2;1.4;262;262;2.4;2.4;1300;1300;2370;;;;8;1;8;0;0;0;0;0;0;0;0
101932;7501;30.04.2026;15:20;2026-04-30 15:20:00;;;;;;;;;;;;;10.4;7.4;1.8;55;1015.6;993.8;0;0;0;20000;0;EiMerkS‰‰;34;1.3;1.3;1.5;252;252;2.9;2.9;2330;2330;;;;;8;8;0;0;0;0;0;0;0;0;0
101932;7501;30.04.2026;15:30;2026-04-30 15:30:00;;;;;;;;;;;;;10.3;7.6;1.5;55;1015.5;993.8;0;0;0;20000;0;EiMerkS‰‰;34;1.4;1.4;1.6;238;238;2.4;2.4;2300;2300;;;;;8;8;0;0;0;0;0;0;0;0;0
101932;7501;30.04.2026;15:40;2026-04-30 15:40:00;;;;;;;;;;;;;10.2;7.7;1.8;56;1015.6;993.8;0;0;0;20000;0;EiMerkS‰‰;34;1.1;1.1;1.3;241;241;2.1;2.1;2270;2270;;;;;8;8;0;0;0;0;0;0;0;0;0
101932;7501;30.04.2026;15:50;2026-04-30 15:50:00;;;;;;;;;;;;;10.1;6.6;2.1;57;1015.7;993.9;0;0;0;20000;0;EiMerkS‰‰;34;1.2;1.2;1.4;245;245;1.8;1.8;1210;1210;2260;;;;7;1;7;0;0;0;0;0;0;0;0
101932;7501;30.04.2026;16:00;2026-04-30 16:00:00;;;;;;;;;;;;;10;5.9;2;57;1015.6;993.8;0;0;0;20000;0;EiMerkS‰‰;34;1.7;1.7;2;260;260;3.4;3.4;1210;1210;2260;;;;7;3;7;0;0;0;0;0;0;0;0
101932;7501;30.04.2026;16:10;2026-04-30 16:10:00;;;;;;;;;;;;;10.3;7.8;2.3;58;1015.7;993.9;0;0;0;20000;0;EiMerkS‰‰;34;2.4;2.4;2.8;272;272;4.2;4.2;1210;1210;2290;;;;7;3;7;0;0;0;0;0;0;0;0
101932;7501;30.04.2026;16:20;2026-04-30 16:20:00;;;;;;;;;;;;;10.3;7.4;2.3;58;1015.6;993.8;0;0;0;20000;0;EiMerkS‰‰;34;2.9;2.9;3.4;269;269;5.7;5.7;1220;1220;2280;;;;8;6;8;0;0;0;0;0;0;0;0
101932;7501;30.04.2026;16:30;2026-04-30 16:30:00;;;;;;;;;;;;;10.4;7.7;2.4;57;1015.4;993.7;0;0;0;20000;0;EiMerkS‰‰;33;2.4;2.4;2.8;269;269;4.5;4.5;1160;1160;2290;;;;8;6;8;0;0;0;0;0;0;0;0
101932;7501;30.04.2026;16:40;2026-04-30 16:40:00;;;;;;;;;;;;;10.2;7.3;2.3;58;1015.5;993.7;0;0;0;20000;0;EiMerkS‰‰;33;2.4;2.4;2.8;265;265;4.6;4.6;1160;1160;3090;;;;8;4;8;0;0;0;0;0;0;0;0
101932;7501;30.04.2026;16:50;2026-04-30 16:50:00;;;;;;;;;;;;;9.7;6.6;2.4;60;1015.6;993.8;0;0;0;20000;0;EiMerkS‰‰;33;2.4;2.4;2.8;267;267;3.7;3.7;1150;1150;2800;;;;7;3;7;0;0;0;0;0;0;0;0
101932;7501;30.04.2026;17:00;2026-04-30 17:00:00;;;;;;;;;;;;;9.5;6;2.5;61;1015.6;993.8;0;0;0;20000;0;EiMerkS‰‰;33;2.2;2.2;2.6;267;267;4.7;4.7;1140;1140;2780;;;;7;4;7;0;0;0;0;0;0;0;0
101932;7501;30.04.2026;17:10;2026-04-30 17:10:00;;;;;;;;;;;;;9.5;5.6;2.5;62;1015.5;993.7;0;0;0;20000;0;EiMerkS‰‰;33;1.7;1.7;2;264;264;2.7;2.7;1180;1180;2780;;;;7;6;7;0;0;0;0;0;0;0;0
101932;7501;30.04.2026;17:20;2026-04-30 17:20:00;;;;;;;;;;;;;9.2;5.1;2.5;63;1015.6;993.7;0;0;0;20000;0;EiMerkS‰‰;33;1.4;1.4;1.7;262;262;2.2;2.2;1210;1210;;;;;8;8;0;0;0;0;0;0;0;0;0
101932;7501;30.04.2026;17:30;2026-04-30 17:30:00;;;;;;;;;;;;;9.1;4.5;2.5;64;1015.5;993.6;0;0;0;20000;0;EiMerkS‰‰;33;1.4;1.4;1.6;253;253;2.3;2.3;1160;1160;;;;;8;8;0;0;0;0;0;0;0;0;0
101932;7501;30.04.2026;17:40;2026-04-30 17:40:00;;;;;;;;;;;;;8.9;4.4;3;67;1015.4;993.5;0;0;0;20000;0;EiMerkS‰‰;33;1.4;1.4;1.6;245;245;2.1;2.1;1150;1150;1720;;;;8;7;8;0;0;0;0;0;0;0;0
101932;7501;30.04.2026;17:50;2026-04-30 17:50:00;;;;;;;;;;;;;8.5;3.4;3.2;69;1015.4;993.5;0;0;0;19851;61;HeikVesis;33;1;1;1.2;237;237;1.7;1.7;1150;1150;2500;;;;8;7;8;0;0;0;0;0;0;0;0
101932;7501;30.04.2026;18:00;2026-04-30 18:00:00;;;;;;;;;;;;;7.8;2.8;3;71;1015.6;993.6;0;0;0;20000;81;HeikVesiKuur;33;.8;.8;1;263;263;1.5;1.5;1130;1130;2490;;;;7;6;7;0;0;0;0;0;0;0;0
101932;7501;30.04.2026;18:10;2026-04-30 18:10:00;;;;;;;;;;;;;7.3;2.5;3;74;1015.6;993.6;0;0;0;20000;23;OliVesis;33;1.6;1.6;1.8;246;246;2.9;2.9;1130;1130;2480;;;;7;7;7;0;0;0;0;0;0;0;0
101932;7501;30.04.2026;18:20;2026-04-30 18:20:00;;;;;;;;;;;;;7.1;2.2;2.9;75;1015.6;993.5;0;0;0;20000;23;OliVesis;33;1.6;1.6;1.8;246;246;2.4;2.4;1130;1130;2420;;;;7;7;7;0;0;0;0;0;0;0;0
101932;7501;30.04.2026;18:30;2026-04-30 18:30:00;;;;;;;;;;;;;6.5;1.7;2.7;77;1015.5;993.4;0;0;0;20000;23;OliVesis;33;1.3;1.3;1.5;237;237;2.1;2.1;1190;1190;;;;;6;6;0;0;0;0;0;0;0;0;0
101932;7501;30.04.2026;18:40;2026-04-30 18:40:00;;;;;;;;;;;;;6.1;1.5;2.6;78;1015.5;993.4;0;0;0;20000;23;OliVesis;33;1.5;1.5;1.8;237;237;2.7;2.7;1150;1150;3230;;;;6;3;6;0;0;0;0;0;0;0;0
101932;7501;30.04.2026;18:50;2026-04-30 18:50:00;;;;;;;;;;;;;5.9;1.7;2.5;79;1015.5;993.4;0;0;0;20000;0;EiMerkS‰‰;33;1.6;1.6;1.9;243;243;2.4;2.4;1280;1280;3120;;;;6;1;6;0;0;0;0;2;0;2;0
101932;7501;30.04.2026;19:00;2026-04-30 19:00:00;;;;;;;;;;;;;5.7;1.7;2.5;80;1015.5;993.4;0;0;0;20000;0;EiMerkS‰‰;33;2.1;2.1;2.4;253;253;3.8;3.8;1340;1340;3060;;;;7;2;7;0;0;0;0;0;0;0;0
101932;7501;30.04.2026;19:10;2026-04-30 19:10:00;;;;;;;;;;;;;5.7;2;2.4;80;1015.4;993.2;0;0;0;20000;0;EiMerkS‰‰;33;2.3;2.3;2.6;248;248;3.1;3.1;1340;1340;2100;3050;;;7;1;4;7;0;0;0;0;0;0;0
101932;7501;30.04.2026;19:20;2026-04-30 19:20:00;;;;;;;;;;;;;5.7;1.9;2.3;79;1015.3;993.1;0;0;0;20000;0;EiMerkS‰‰;33;1.8;1.8;2.1;244;244;2.6;2.6;1340;1340;2100;2970;;;7;1;2;7;0;0;0;0;0;0;0
101932;7501;30.04.2026;19:30;2026-04-30 19:30:00;;;;;;;;;;;;;5.5;1.6;2.2;79;1015.1;993;0;0;0;20000;0;EiMerkS‰‰;33;1.5;1.5;1.8;229;229;2;2;2100;2100;2890;;;;7;1;7;0;0;0;0;0;0;0;0
101932;7501;30.04.2026;19:40;2026-04-30 19:40:00;;;;;;;;;;;;;5.7;1.6;2.3;79;1015.1;993;0;0;0;20000;0;EiMerkS‰‰;33;1.4;1.4;1.6;236;236;1.9;1.9;2850;2850;;;;;8;8;0;0;0;0;0;2;0;2;0
101932;7501;30.04.2026;19:50;2026-04-30 19:50:00;;;;;;;;;;;;;5.5;1.6;2.2;79;1015.1;992.9;0;0;0;20000;0;EiMerkS‰‰;33;1.4;1.4;1.7;226;226;2.1;2.1;2810;2810;;;;;8;8;0;0;0;0;0;2;0;2;0
101932;7501;30.04.2026;20:00;2026-04-30 20:00:00;;;;;;;;;;;;;5.2;1.7;2.2;81;1015.1;992.9;0;0;0;20000;0;EiMerkS‰‰;33;1.6;1.6;1.9;235;235;2.5;2.5;2780;2780;;;;;8;8;0;0;0;0;0;0;0;0;0
101932;7501;30.04.2026;20:10;2026-04-30 20:10:00;;;;;;;;;;;;;4.9;1.9;1.9;81;1015;992.8;0;0;0;20000;0;EiMerkS‰‰;33;1.4;1.4;1.6;219;219;2;2;2760;2760;;;;;8;8;0;0;0;0;0;0;0;0;0
101932;7501;30.04.2026;20:20;2026-04-30 20:20:00;;;;;;;;;;;;;5;1.6;2;81;1015;992.8;0;0;0;20000;0;EiMerkS‰‰;33;1.6;1.6;1.8;200;200;1.9;1.9;2750;2750;;;;;8;8;0;0;0;0;0;0;0;0;0
101932;7501;30.04.2026;20:30;2026-04-30 20:30:00;;;;;;;;;;;;;4.8;1.7;2;82;1015.2;993;0;0;0;20000;0;EiMerkS‰‰;33;1.3;1.3;1.5;197;197;1.8;1.8;2330;2330;2750;;;;8;3;8;0;0;0;0;0;0;0;0
101932;7501;30.04.2026;20:40;2026-04-30 20:40:00;;;;;;;;;;;;;4.8;1.6;2.1;82;1015.1;992.9;0;0;0;20000;0;EiMerkS‰‰;33;1.4;1.4;1.6;206;206;1.8;1.8;1710;1710;2280;2750;;;8;1;5;8;0;0;0;0;0;0;0
101932;7501;30.04.2026;20:50;2026-04-30 20:50:00;;;;;;;;;;;;;4.7;1.7;1.9;82;1014.9;992.7;0;0;0;20000;0;EiMerkS‰‰;33;1.6;1.6;1.8;190;190;2.1;2.1;1710;1710;2170;2770;;;8;1;7;8;0;0;0;0;0;0;0
101932;7501;30.04.2026;21:00;2026-04-30 21:00:00;;;;;;;;;;;;;4.7;1.9;1.8;82;1014.9;992.7;0;0;0;20000;0;EiMerkS‰‰;33;1.3;1.3;1.5;181;181;1.9;1.9;1710;1710;2070;;;;8;1;8;0;0;0;0;0;0;0;0
101932;7501;30.04.2026;21:10;2026-04-30 21:10:00;;;;;;;;;;;;;4.4;1.6;1.7;82;1014.8;992.6;0;0;0;20000;0;EiMerkS‰‰;33;1.9;1.9;2.1;194;194;2.4;2.4;2060;2060;;;;;8;8;0;0;0;0;0;0;0;0;0
101932;7501;30.04.2026;21:20;2026-04-30 21:20:00;;;;;;;;;;;;;4.4;1.5;1.9;84;1014.7;992.5;0;0;0;20000;0;EiMerkS‰‰;33;2;2;2.2;201;201;2.6;2.6;2060;2060;;;;;8;8;0;0;0;0;0;0;0;0;0
101932;7501;30.04.2026;21:30;2026-04-30 21:30:00;;;;;;;;;;;;;4.7;1.7;2;83;1014.5;992.3;0;0;0;20000;0;EiMerkS‰‰;33;1.6;1.6;1.8;196;196;2.3;2.3;2080;2080;;;;;8;8;0;0;0;0;0;2;0;2;0
101932;7501;30.04.2026;21:40;2026-04-30 21:40:00;;;;;;;;;;;;;4.6;1.8;1.9;83;1014.4;992.2;0;0;0;20000;0;EiMerkS‰‰;33;1.3;1.3;1.5;183;183;2;2;2080;2080;;;;;8;8;0;0;0;0;0;0;0;0;0
101932;7501;30.04.2026;21:50;2026-04-30 21:50:00;;;;;;;;;;;;;4.5;2.2;2;83;1014.3;992.1;0;0;0;20000;0;EiMerkS‰‰;33;1.6;1.6;1.8;204;204;2.8;2.8;2060;2060;;;;;8;8;0;0;0;0;0;0;0;0;0
101932;7501;30.04.2026;22:00;2026-04-30 22:00:00;;;;;;;;;;;;;4.6;1.8;2;83;1014.3;992.1;0;0;0;20000;0;EiMerkS‰‰;33;1.5;1.5;1.7;219;219;2.3;2.3;2020;2020;;;;;8;8;0;0;0;0;0;0;0;0;0
101932;7501;30.04.2026;22:10;2026-04-30 22:10:00;;;;;;;;;;;;;4.4;1.2;1.8;83;1014.3;992;0;0;0;20000;0;EiMerkS‰‰;33;1.2;1.2;1.4;232;232;2.3;2.3;1980;1980;4910;;;;6;6;6;0;0;0;0;0;0;0;0
101932;7501;30.04.2026;22:20;2026-04-30 22:20:00;;;;;;;;;;;;;4.2;1.1;1.8;84;1014.3;992;0;0;0;20000;0;EiMerkS‰‰;33;1.4;1.4;1.6;238;238;2.6;2.6;1970;1970;4350;4910;;;7;4;6;7;0;0;0;0;0;0;0
101932;7501;30.04.2026;22:30;2026-04-30 22:30:00;;;;;;;;;;;;;3.7;1.1;1.5;86;1014.3;992.1;0;0;0;20000;0;EiMerkS‰‰;33;.8;.8;.9;237;237;1.9;1.9;1910;1910;4340;4910;;;6;4;5;6;0;0;0;0;0;0;0
101932;7501;30.04.2026;22:40;2026-04-30 22:40:00;;;;;;;;;;;;;3.5;.9;1.5;87;1014.3;992;0;0;0;20000;0;EiMerkS‰‰;33;1.5;1.5;1.8;226;226;3.8;3.8;1870;1870;4340;4920;;;7;6;7;7;0;0;0;0;0;0;0
101932;7501;30.04.2026;22:50;2026-04-30 22:50:00;;;;;;;;;;;;;3.3;.9;1.4;88;1014.2;991.9;0;0;0;20000;0;EiMerkS‰‰;33;2.1;2.1;2.5;229;229;3.6;3.6;1850;1850;;;;;7;7;0;0;0;0;0;0;0;0;0
101932;7501;30.04.2026;23:00;2026-04-30 23:00:00;;;;;;;;;;;;;3.3;.5;1.5;88;1014.2;991.9;0;0;0;20000;0;EiMerkS‰‰;33;2;2;2.4;234;234;3.1;3.1;1850;1850;4300;;;;7;6;7;0;0;0;0;0;0;0;0
101932;7501;30.04.2026;23:10;2026-04-30 23:10:00;;;;;;;;;;;;;3.2;.2;1.5;89;1013.9;991.6;0;0;0;20000;0;EiMerkS‰‰;33;2.4;2.4;2.8;237;237;4.5;4.5;1840;1840;4300;7500;;;6;3;6;6;0;0;0;0;0;0;0
101932;7501;30.04.2026;23:20;2026-04-30 23:20:00;;;;;;;;;;;;;3.1;0;1.5;89;1013.9;991.6;0;0;0;20000;0;EiMerkS‰‰;33;2.3;2.3;2.7;233;233;3.4;3.4;1890;1890;4310;;;;3;1;3;0;0;0;0;0;0;0;0
101932;7501;30.04.2026;23:30;2026-04-30 23:30:00;;;;;;;;;;;;;3.3;-.1;1.6;88;1013.9;991.6;0;0;0;20000;0;EiMerkS‰‰;33;2.6;2.6;3;241;241;4.1;4.1;4310;4310;;;;;2;2;0;0;0;0;0;0;0;0;0
101932;7501;30.04.2026;23:40;2026-04-30 23:40:00;;;;;;;;;;;;;3.2;.4;1.5;88;1013.7;991.4;0;0;0;20000;0;EiMerkS‰‰;33;2.5;2.5;2.8;245;245;4.3;4.3;2550;2550;;;;;1;1;0;0;0;0;0;0;0;0;0
101932;7501;30.04.2026;23:50;2026-04-30 23:50:00;;;;;;;;;;;;;3.4;.8;1.5;87;1013.8;991.5;0;0;0;20000;0;EiMerkS‰‰;33;1.9;1.9;2.3;255;255;3.3;3.3;6950;6950;;;;;4;4;0;0;0;0;0;0;0;0;0
## 144 rows.
